[
    {
        "_id": "af6d2e1b",
        "content": {
            "title": "Landscape Photography Tips",
            "content": "I've been doing landscape photography for years, and here are some of my top tips:\n1. Wake up early to catch the golden hour light.\n2. Use a tripod for stability.\n3. Experiment with different angles and perspectives.\n4. Incorporate leading lines to create depth.\n5. Don't forget to post-process your photos to enhance colors and contrast.\nI hope you find these tips helpful!",
            "photoUrl": "https://images.unsplash.com/photo-1445711005973-54fe2a103826?ixlib=rb-4.0.3&ixid=M3wxMjA3fDB8MHxwaG90by1wYWdlfHx8fGVufDB8fHx8fA%3D%3D&auto=format&fit=crop&w=1470&q=80"
        },
        "metadata": {
            "tag": "Tips & Tricks",
            "author": {
                "_id": "a3c9b2f7",
                "name": {
                    "firstName": "Clarence"
                },
                "username": "rncs_21",
                "profilePictureURL": "https://example.com/profile_picture.jpg"
            },
            "createdAt": "2023-06-15T10:30:00Z"
        },
        "voteInfo": {
            "upvotes": 10,
            "downvotes": 2
        },
        "comments": [
            {
                "_id": "c5a7d3f9",
                "content": "Great tips! I'll definitely try them out. Thanks for sharing!",
                "metadata": {
                    "author": {
                        "_id": "e1f8d4b6",
                        "name": {
                            "firstName": "Daniel",
                            "lastName": "Ramos"
                        },
                        "username": "dhannn",
                        "profilePictureURL": "/profilepictures/dp.jpg"
                    },
                    "createdAt": "2023-06-15T11:00:00Z"
                },
                "voteInfo": {
                    "upvotes": 5,
                    "downvotes": 0
                }
            },
            {
                "_id": "d2e4f1a3",
                "content": "I have a question regarding post-processing. Do you recommend any specific software?",
                "metadata": {
                    "author": {
                        "_id": "e1f8d4b6",
                        "name": {
                            "firstName": "Daniel",
                            "lastName": "Ramos"
                        },
                        "username": "dhannn",
                        "profilePictureURL": "/profilepictures/dp.jpg"
                    },
                    "createdAt": "2023-06-16T09:45:00Z"
                },
                "voteInfo": {
                    "upvotes": 3,
                    "downvotes": 1
                },
                "replies": [
                    {
                        "_id": "f3a1d4e2",
                        "content": "I personally use Adobe Lightroom for post-processing. It's a powerful tool with lots of editing options.",
                        "metadata": {
                            "author": {
                                "_id": "a3c9b2f7",
                                "name": {
                                    "firstName": "Clarence"
                                },
                                "username": "rncs_21",
                                "profilePictureURL": "/profilepictures/dp2.jpg"
                            },
                            "createdAt": "2023-06-16T10:00:00Z"
                        },
                        "voteInfo": {
                            "upvotes": 2,
                            "downvotes": 0
                        }
                    }
                ]
            }
        ]
    },
    {
        "_id": "b9d8c7a6",
        "content": {
            "title": "Camera Recommendation",
            "content": "I'm planning to upgrade my camera. Can anyone recommend a good DSLR for wildlife photography? My budget is around $2000."
        },
        "metadata": {
            "tag": "Question",
            "author": {
                "_id": "e1f8d4b6",
                "name": {
                    "firstName": "Daniel",
                    "lastName": "Ramos"
                },
                "username": "dhannn",
                "profilePictureURL": "/profilepictures/dp2.jpg"
            },
            "createdAt": "2023-06-14T16:20:00Z"
        },
        "voteInfo": {
            "upvotes": 8,
            "downvotes": 4
        },
        "comments": [
            {
                "_id": "e2f4a1b3",
                "content": "I highly recommend the Nikon D850. It's an excellent camera for wildlife photography and falls within your budget.",
                "metadata": {
                    "author": {
                        "_id": "a3c9b2f7",
                        "name": {
                            "firstName": "Clarence"
                        },
                        "username": "rncs_21",
                        "profilePictureURL": "/profilepictures/dp2.jpg"
                    },
                    "createdAt": "2023-06-14T17:00:00Z"
                },
                "voteInfo": {
                    "upvotes": 6,
                    "downvotes": 0
                }
            },
            {
                "_id": "c6b2d9e8",
                "content": "If you prefer Canon, the EOS 90D is a great choice for wildlife photography. It has advanced autofocus and burst shooting capabilities.",
                "metadata": {
                    "author": {
                        "_id": "a3c9b2f7",
                        "name": {
                            "firstName": "John",
                            "lastName": "Doe"
                        },
                        "username": "johndoe"
                    },
                    "createdAt": "2023-06-15T09:30:00Z"
                },
                "voteInfo": {
                    "upvotes": 4,
                    "downvotes": 2
                }
            }
        ]
    },
    {
        "_id": "d7a4e2f1",
        "content": {
            "title": "Photography Exhibition",
            "content": "I'm excited to announce that my photography exhibition will be held next month at the City Art Gallery. The exhibition will showcase a collection of my landscape and portrait photographs. If you're in town, I would love for you to drop by and experience the beauty of photography!"
        },
        "metadata": {
            "tag": "Discussion",
            "author": {
                "_id": "a3c9b2f7",
                "name": {
                    "firstName": "Clarence"
                },
                "username": "rncs_21",
                "profilePictureURL": "https://example.com/profile_picture.jpg"
            },
            "createdAt": "2023-06-13T14:15:00Z"
        },
        "voteInfo": {
            "upvotes": 12,
            "downvotes": 3
        },
        "comments": [
            {
                "_id": "f2d1e3c4",
                "content": "Congratulations on your upcoming exhibition! I'll make sure to visit and show support for your incredible work.",
                "metadata": {
                    "author": {
                        "_id": "e1f8d4b6",
                        "name": {
                            "firstName": "Daniel",
                            "lastName": "Ramos"
                        },
                        "username": "dhannn",
                        "profilePictureURL": "/profilepictures/dp.jpg"
                    },
                    "createdAt": "2023-06-13T15:00:00Z"
                },
                "voteInfo": {
                    "upvotes": 9,
                    "downvotes": 1
                }
            }
        ]
    },
    {
        "_id": "e4f1a2d3",
        "content": {
            "title": "Camera Settings for Astrophotography",
            "content": "Astrophotography requires specific camera settings to capture stunning images of the night sky. Here are some recommended settings:\n- Use manual mode\n- Set a wide aperture (e.g., f/2.8)\n- Set a high ISO (e.g., ISO 3200)\n- Use a long exposure time (e.g., 20-30 seconds)\n- Use a tripod to avoid camera shake\n- Use a remote shutter release or timer\n\nWith these settings, you'll be able to capture breathtaking photos of stars, galaxies, and more!",
            "photoUrl": "https://images.unsplash.com/photo-1519681393784-d120267933ba?ixlib=rb-4.0.3&ixid=M3wxMjA3fDB8MHxwaG90by1wYWdlfHx8fGVufDB8fHx8fA%3D%3D&auto=format&fit=crop&w=1470&q=80"
        },
        "metadata": {
            "tag": "Tips & Tricks",
            "author": {
                "_id": "a3c9b2f7",
                "name": {
                    "firstName": "Clarence"
                },
                "username": "rncs_21",
                "profilePictureURL": "https://example.com/profile_picture.jpg"
            },
            "createdAt": "2023-06-12T11:45:00Z"
        },
        "voteInfo": {
            "upvotes": 6,
            "downvotes": 2
        },
        "comments": [
            {
                "_id": "b7c9d3e1",
                "content": "Thank you for sharing these settings! I've always wanted to try astrophotography, and this will definitely help me get started.",
                "metadata": {
                    "author": {
                        "_id": "e1f8d4b6",
                        "name": {
                            "firstName": "Daniel",
                            "lastName": "Ramos"
                        },
                        "username": "dhannn",
                        "profilePictureURL": "/profilepictures/dp.jpg"
                    },
                    "createdAt": "2023-06-12T12:00:00Z"
                },
                "voteInfo": {
                    "upvotes": 4,
                    "downvotes": 0
                }
            }
        ]
    },
    {
        "_id": "c1e7d9f2",
        "content": {
            "title": "Need Feedback: Portrait Composition",
            "content": "I recently captured this portrait and would appreciate some feedback on the composition. What do you think?",
            "photoUrl": "https://images.unsplash.com/photo-1519895609939-d2a6491c1196?ixlib=rb-4.0.3&ixid=M3wxMjA3fDB8MHxwaG90by1wYWdlfHx8fGVufDB8fHx8fA%3D%3D&auto=format&fit=crop"
        },
        "metadata": {
            "tag": "Need Feedback",
            "author": {
                "_id": "1234abcd",
                "name": {
                    "firstName": "Daniel",
                    "lastName": "Ramos"
                },
                "username": "dhannn",
                "profilePictureURL": "/profilepictures/dp.jpg"
            },
            "createdAt": "2023-06-11T17:10:00Z"
        },
        "voteInfo": {
            "upvotes": 7,
            "downvotes": 6
        },
        "comments": [
            {
                "_id": "d8e6f5a4",
                "content": "I think the composition is great! The subject is well-positioned, and the lighting adds a nice touch to the overall mood. Well done!",
                "metadata": {
                    "author": {
                        "_id": "a3c9b2f7",
                        "name": {
                            "firstName": "Clarence"
                        },
                        "username": "rncs_21",
                        "profilePictureURL": "/profilepictures/dp2.jpg"
                    },
                    "createdAt": "2023-06-11T17:30:00Z"
                },
                "voteInfo": {
                    "upvotes": 8,
                    "downvotes": 0
                }
            },
            {
                "_id": "a6b2c3d4",
                "content": "I think the background is a bit distracting. Maybe you could try a shallower depth of field to blur it out more and make the subject stand out.",
                "metadata": {
                    "author": {
                        "_id": "a3c9b2f7",
                        "name": {
                            "firstName": "John",
                            "lastName": "Doe"
                        },
                        "username": "johndoe"
                    },
                    "createdAt": "2023-06-12T08:45:00Z"
                },
                "voteInfo": {
                    "upvotes": 3,
                    "downvotes": 2
                }
            }
        ]
    },
    {
        "_id": "f9a3b6c2",
        "content": {
            "title": "Photography Gear Sale",
            "content": "I'm selling some of my photography gear:\n- Canon EOS 5D Mark IV\n- Canon EF 24-70mm f/2.8L II USM Lens\n- Manfrotto Tripod\n- Lee Filters\n\nAll items are in excellent condition. If you're interested, feel free to send me a message!"
        },
        "metadata": {
            "tag": "Others",
            "author": {
                "_id": "a3c9b2f7",
                "name": {
                    "firstName": "Clarence"
                },
                "username": "rncs_21",
                "profilePictureURL": "https://example.com/profile_picture.jpg"
            },
            "createdAt": "2023-06-10T13:20:00Z"
        },
        "voteInfo": {
            "upvotes": 5,
            "downvotes": 1
        },
        "comments": [
            {
                "_id": "b8c9d4e1",
                "content": "Could you please provide more details about the Canon EOS 5D Mark IV? How old is it, and does it come with any accessories?",
                "metadata": {
                    "author": {
                        "_id": "a3c9b2f7",
                        "name": {
                            "firstName": "John",
                            "lastName": "Doe"
                        },
                        "username": "johndoe"
                    },
                    "createdAt": "2023-06-10T14:00:00Z"
                },
                "voteInfo": {
                    "upvotes": 5,
                    "downvotes": 0
                }
            },
            {
                "_id": "c2d3e4f1",
                "content": "I'm interested in the Canon EF 24-70mm f/2.8L II USM Lens. Is it still available?",
                "metadata": {
                    "author": {
                        "_id": "1234abcd",
                        "name": {
                            "firstName": "Daniel",
                            "lastName": "Ramos"
                        },
                        "username": "dhannn",
                        "profilePictureURL": "/profilepictures/dp.jpg"
                    },
                    "createdAt": "2023-06-10T16:30:00Z"
                },
                "voteInfo": {
                    "upvotes": 3,
                    "downvotes": 1
                }
            }
        ]
    },
    {
        "_id": "d4b3a2",
        "content": {
            "title": "Editing Software Comparison",
            "content": "I'm looking for advice on choosing the right editing software. I mainly shoot landscapes and want to enhance the colors and details in my photos. Any recommendations?"
        },
        "metadata": {
            "tag": "Discussion",
            "author": {
                "_id": "c6fa3bc0",
                "name": {
                    "firstName": "Noah",
                    "lastName": "Parker"
                },
                "username": "noahparker",
                "profilePictureURL": "https://example.com/noah.jpg"
            },
            "createdAt": "2023-06-17T14:30:00Z"
        },
        "voteInfo": {
            "upvotes": 12,
            "downvotes": 9
        },
        "comments": [
            {
                "_id": "c22",
                "content": "For enhancing colors and details in landscape photos, Adobe Lightroom is a popular choice among photographers. It offers powerful editing tools and a user-friendly interface.",
                "metadata": {
                    "author": {
                        "_id": "5678efga",
                        "name": {
                            "firstName": "Clarence"
                        },
                        "username": "rncs_21",
                        "email": "rncs.21@gmail.com",
                        "profilePictureURL": "/profilepictures/dp2.jpg"
                    },
                    "createdAt": "2023-06-17T15:00:00Z"
                },
                "voteInfo": {
                    "upvotes": 11,
                    "downvotes": 3
                }
            },
            {
                "_id": "c23",
                "content": "Another option you can consider is Capture One. It provides excellent color grading tools and advanced image processing capabilities.",
                "metadata": {
                    "author": {
                        "_id": "a3c9b2f7",
                        "name": {
                            "firstName": "John",
                            "lastName": "Doe"
                        },
                        "username": "johndoe"
                    },
                    "createdAt": "2023-06-17T15:15:00Z"
                },
                "voteInfo": {
                    "upvotes": 9,
                    "downvotes": 5
                }
            }
        ]
    },
    {
        "_id": "f6e5d4",
        "content": {
            "title": "Beginner Camera Recommendations",
            "content": "I'm new to photography and looking for a good beginner camera. My budget is around $500. Any suggestions?"
        },
        "metadata": {
            "tag": "Question",
            "author": {
                "_id": "1234abcd",
                "name": {
                    "firstName": "Daniel",
                    "lastName": "Ramos"
                },
                "username": "dhannn",
                "profilePictureURL": "/profilepictures/dp.jpg"
            },
            "createdAt": "2023-06-18T10:00:00Z"
        },
        "voteInfo": {
            "upvotes": 18,
            "downvotes": 4
        },
        "comments": [
            {
                "_id": "c24",
                "content": "For a beginner camera under $500, you can consider the Nikon D3500 or the Canon EOS Rebel T7. Both are great entry-level DSLRs with good image quality.",
                "metadata": {
                    "author": {
                        "_id": "5678efga",
                        "name": {
                            "firstName": "Clarence"
                        },
                        "username": "rncs_21",
                        "profilePictureURL": "/profilepictures/dp2.jpg"
                    },
                    "createdAt": "2023-06-18T10:30:00Z"
                },
                "voteInfo": {
                    "upvotes": 20,
                    "downvotes": 2
                },
                "replies": [
                    {
                        "_id": "c25",
                        "content": "I second the recommendation for the Nikon D3500. It's a reliable and user-friendly camera for beginners.",
                        "metadata": {
                            "author": {
                                "_id": "a3c9b2f7",
                                "name": {
                                    "firstName": "John",
                                    "lastName": "Doe"
                                },
                                "username": "johndoe"
                            },
                            "createdAt": "2023-06-18T10:45:00Z"
                        },
                        "voteInfo": {
                            "upvotes": 15,
                            "downvotes": 1
                        }
                    }
                ]
            },
            {
                "_id": "c26",
                "content": "Consider mirrorless options as well. The Sony Alpha a6000 is a popular choice for beginners due to its compact size and excellent image quality.",
                "metadata": {
                    "author": {
                        "_id": "e1f8d4b6",
                        "name": {
                            "firstName": "Jane",
                            "lastName": "Smith"
                        },
                        "username": "janesmith"
                    },
                    "createdAt": "2023-06-18T11:00:00Z"
                },
                "voteInfo": {
                    "upvotes": 16,
                    "downvotes": 3
                }
            }
        ]
    },
    {
        "_id": "7a9b1c",
        "content": {
            "title": "Black and White Photography Tips",
            "content": "Black and white photography can be incredibly expressive. Here are some tips:\n1. Look for strong contrasts in your subjects.\n2. Pay attention to textures and patterns.\n3. Experiment with different lighting conditions.",
            "photoUrl": "https://images.unsplash.com/photo-1563643520035-5926c12692e4?ixlib=rb-4.0.3&ixid=M3wxMjA3fDB8MHxwaG90by1wYWdlfHx8fGVufDB8fHx8fA%3D%3D&auto=format&fit=crop&w=688&q=80"
        },
        "metadata": {
            "tag": "Tips & Tricks",
            "author": {
                "_id": "c6fa3bc0",
                "name": {
                    "firstName": "Noah",
                    "lastName": "Parker"
                },
                "username": "noahparker"
            },
            "createdAt": "2023-06-18T15:30:00Z"
        },
        "voteInfo": {
            "upvotes": 25,
            "downvotes": 12
        },
        "comments": [
            {
                "_id": "c27",
                "content": "I love shooting in black and white. It really brings out the emotion and mood in a photograph.",
                "metadata": {
                    "author": {
                        "_id": "5678efga",
                        "name": {
                            "firstName": "Clarence"
                        },
                        "username": "rncs_21",
                        "email": "rncs.21@gmail.com",
                        "profilePictureURL": "/profilepictures/dp2.jpg"
                    },
                    "createdAt": "2023-06-18T16:00:00Z"
                },
                "voteInfo": {
                    "upvotes": 20,
                    "downvotes": 5
                }
            },
            {
                "_id": "c28",
                "content": "Thanks for the tips! I'll definitely try them out in my next black and white photoshoot.",
                "metadata": {
                    "author": {
                        "_id": "1234abcd",
                        "name": {
                            "firstName": "Daniel",
                            "lastName": "Ramos"
                        },
                        "username": "dhannn",
                        "profilePictureURL": "/profilepictures/dp.jpg"
                    },
                    "createdAt": "2023-06-18T16:15:00Z"
                },
                "voteInfo": {
                    "upvotes": 18,
                    "downvotes": 2
                }
            }
        ]
    },
    {
        "_id": "5d8f6b",
        "content": {
            "title": "Lens Recommendations for Wildlife Photography",
            "content": "I'm planning to venture into wildlife photography and need recommendations for a good telephoto lens. What focal length would be ideal? Any specific lens suggestions?"
        },
        "metadata": {
            "tag": "Question",
            "author": {
                "_id": "e1f8d4b6",
                "name": {
                    "firstName": "Jane",
                    "lastName": "Smith"
                },
                "username": "janesmith"
            },
            "createdAt": "2023-06-19T09:30:00Z"
        },
        "voteInfo": {
            "upvotes": 14,
            "downvotes": 6
        },
        "comments": [
            {
                "_id": "c29",
                "content": "For wildlife photography, a telephoto lens with a focal length of at least 300mm is recommended to capture distant subjects. The Canon EF 100-400mm f/4.5-5.6L IS II USM and the Nikon AF-S 200-500mm f/5.6E ED VR are popular choices among wildlife photographers.",
                "metadata": {
                    "author": {
                        "_id": "5678efga",
                        "name": {
                            "firstName": "Clarence"
                        },
                        "username": "rncs_21",
                        "email": "rncs.21@gmail.com",
                        "profilePictureURL": "/profilepictures/dp2.jpg"
                    },
                    "createdAt": "2023-06-19T10:00:00Z"
                },
                "voteInfo": {
                    "upvotes": 12,
                    "downvotes": 3
                },
                "replies": [
                    {
                        "_id": "c30",
                        "content": "I have the Canon EF 100-400mm f/4.5-5.6L IS II USM, and it's a fantastic lens for wildlife photography. The image quality and versatility are impressive.",
                        "metadata": {
                            "author": {
                                "_id": "c6fa3bc0",
                                "name": {
                                    "firstName": "Noah",
                                    "lastName": "Parker"
                                },
                                "username": "noahparker"
                            },
                            "createdAt": "2023-06-19T10:15:00Z"
                        },
                        "voteInfo": {
                            "upvotes": 10,
                            "downvotes": 1
                        }
                    }
                ]
            },
            {
                "_id": "c31",
                "content": "If you're looking for more reach, the Sigma 150-600mm f/5-6.3 DG OS HSM Contemporary is a budget-friendly option with good image quality.",
                "metadata": {
                    "author": {
                        "_id": "a3c9b2f7",
                        "name": {
                            "firstName": "John",
                            "lastName": "Doe"
                        },
                        "username": "johndoe"
                    },
                    "createdAt": "2023-06-19T10:30:00Z"
                },
                "voteInfo": {
                    "upvotes": 8,
                    "downvotes": 4
                }
            }
        ]
    },
    {
        "_id": "9e8d7c",
        "content": {
            "title": "Macro Photography Tips",
            "content": "Macro photography allows you to capture the intricate details of small subjects. Here are some tips:\n1. Use a macro lens or extension tubes for close-up shots.\n2. Look for interesting textures and patterns.\n3. Use a tripod to ensure sharpness.",
            "photoUrl": "https://images.unsplash.com/photo-1589144669495-b5905b68ea9e?ixlib=rb-4.0.3&ixid=M3wxMjA3fDB8MHxwaG90by1wYWdlfHx8fGVufDB8fHx8fA%3D%3D&auto=format&fit=crop&w=627&q=80"
        },
        "metadata": {
            "tag": "Tips & Tricks",
            "author": {
                "_id": "a3c9b2f7",
                "name": {
                    "firstName": "John",
                    "lastName": "Doe"
                },
                "username": "johndoe"
            },
            "createdAt": "2023-06-19T14:00:00Z"
        },
        "voteInfo": {
            "upvotes": 22,
            "downvotes": 8
        },
        "comments": [
            {
                "_id": "c32",
                "content": "Macro photography is so fascinating! The level of detail you can capture is incredible.",
                "metadata": {
                    "author": {
                        "_id": "1234abcd",
                        "name": {
                            "firstName": "Daniel",
                            "lastName": "Ramos"
                        },
                        "username": "dhannn",
                        "profilePictureURL": "/profilepictures/dp.jpg"
                    },
                    "createdAt": "2023-06-19T14:30:00Z"
                },
                "voteInfo": {
                    "upvotes": 20,
                    "downvotes": 6
                }
            },
            {
                "_id": "c33",
                "content": "I've been experimenting with macro photography lately, and it's been a challenging yet rewarding experience. The details you can capture are astonishing.",
                "metadata": {
                    "author": {
                        "_id": "e1f8d4b6",
                        "name": {
                            "firstName": "Jane",
                            "lastName": "Smith"
                        },
                        "username": "janesmith"
                    },
                    "createdAt": "2023-06-19T15:00:00Z"
                },
                "voteInfo": {
                    "upvotes": 18,
                    "downvotes": 4
                }
            }
        ]
    },
    {
        "_id": "3f2e1d",
        "content": {
            "title": "Photography Exhibition Announcement",
            "content": "I'm excited to announce my upcoming photography exhibition, showcasing a collection of my landscape photographs. The exhibition will be held at the XYZ Gallery from July 1st to July 31st. I would be thrilled to have you all attend!"
        },
        "metadata": {
            "tag": "Discussion",
            "author": {
                "_id": "c6fa3bc0",
                "name": {
                    "firstName": "Noah",
                    "lastName": "Parker"
                },
                "username": "noahparker"
            },
            "createdAt": "2023-06-19T16:30:00Z"
        },
        "voteInfo": {
            "upvotes": 32,
            "downvotes": 6
        },
        "comments": [
            {
                "_id": "c34",
                "content": "Congratulations on your exhibition! I'll definitely try to visit and see your beautiful landscape photographs.",
                "metadata": {
                    "author": {
                        "_id": "a3c9b2f7",
                        "name": {
                            "firstName": "John",
                            "lastName": "Doe"
                        },
                        "username": "johndoe"
                    },
                    "createdAt": "2023-06-19T17:00:00Z"
                },
                "voteInfo": {
                    "upvotes": 30,
                    "downvotes": 4
                },
                "replies": [
                    {
                        "_id": "c35",
                        "content": "That's great news! I'll mark the dates on my calendar. Looking forward to seeing your stunning photographs.",
                        "metadata": {
                            "author": {
                                "_id": "e1f8d4b6",
                                "name": {
                                    "firstName": "Jane",
                                    "lastName": "Smith"
                                },
                                "username": "janesmith"
                            },
                            "createdAt": "2023-06-19T17:15:00Z"
                        },
                        "voteInfo": {
                            "upvotes": 25,
                            "downvotes": 3
                        }
                    }
                ]
            }
        ]
    }
]
